locale,filename,ground_truth,raw_prediction,normalized_prediction
zh-CN,conv-0-turn-0.txt,您好。,您好,您好
zh-CN,conv-0-turn-1.txt,我想提高信用卡的限额。,我想提高信用卡的限额,我想提高信用卡的限额
zh-CN,conv-0-turn-10.txt,不对呀。,不对呀,不对呀
zh-CN,conv-0-turn-11.txt,8 6 1 3 9 0 1 2 3 4 5 6 7。,八六一三九零一二三四五六七,八 六 一 三 九 零 一 二 三 四 五 六 七
zh-CN,conv-0-turn-12.txt,说什么？,求什么,求什么
zh-CN,conv-0-turn-13.txt,不对的。,部队的,部队的
zh-CN,conv-0-turn-14.txt,不对呀。,不对哦,不对哦
zh-CN,conv-0-turn-15.txt,8 6 1 3 9 0 1 2 3 4 5 6 7。,八六一三九零一二三四五六七,八 六 一 三 九 零 一 二 三 四 五 六 七
zh-CN,conv-0-turn-16.txt,不对呀，不太对的。,嗯不对啊不太对的,不对不太对的
zh-CN,conv-0-turn-17.txt,8 6 1 3 9 0 1 2 3 4 5 6 7。,八六一三九零一二三四五六级,八 六 一 三 九 零 一 二 三 四 五 六 级
zh-CN,conv-0-turn-18.txt,听到了吗？,听到了吗,听到了吗
zh-CN,conv-0-turn-19.txt,哎呀。,哎呀,
zh-CN,conv-0-turn-2.txt,准备好了。,准备好了,准备好了
zh-CN,conv-0-turn-3.txt,C N 7 6 2。,C N 7 6 2,c n 七 六 二
zh-CN,conv-0-turn-4.txt,C N 7 6 2。,cn齐六二,c n 七 六 二
zh-CN,conv-0-turn-5.txt,美林。,美玲,美林
zh-CN,conv-0-turn-6.txt,我的邮箱地址是美林 at email dot com。,我的邮箱地址是美林 at email dot com,我的邮箱地址是美林 at email dot com
zh-CN,conv-0-turn-7.txt,是对的。,是对的,是对的
zh-CN,conv-0-turn-8.txt,对的，你说得对。,对的你说的对,对的 你说的对
zh-CN,conv-0-turn-9.txt,我的电话号码是 8 6 1 3 9 0 1 2 3 4 5 6 7。,我的电话号码是八六一三九零一二三四五六七,我的电话号码是 八 六 一 三 九 零 一 二 三 四 五 六 七
zh-CN,conv-1-turn-0.txt,你好。,然后,然后
zh-CN,conv-1-turn-1.txt,我需要提供最新账单。,我需要提供最新成本,我需要提供最新成本
zh-CN,conv-1-turn-10.txt,是美点玲 at email dot com。,是美点零 at email dot com,是美点玲 at email dot com
zh-CN,conv-1-turn-11.txt,美玲 at email dot com。,mailing at email dot com,mailing at email dot com
zh-CN,conv-1-turn-12.txt,8 6 1 3 9 0 1 2 3 4 5 6 7。,八六一三九零一二三四五六七,八 六 一 三 九 零 一 二 三 四 五 六 七
zh-CN,conv-1-turn-13.txt,听到了吗？,听到的吗,听到的吗
zh-CN,conv-1-turn-14.txt,不对啊。,不对啊,不对
zh-CN,conv-1-turn-15.txt,8 6 1 3 9 0 1 2 3 4 5 6 7。,八六一三九零一二三四五六七,八 六 一 三 九 零 一 二 三 四 五 六 七
zh-CN,conv-1-turn-16.txt,我已经几次说了。,我已经几次说了,我已经几次说了
zh-CN,conv-1-turn-17.txt,你，你还不知道我的电话号码。,你你还不知道我的电话号码,你 你还不知道我的电话号码
zh-CN,conv-1-turn-18.txt,那不可以。,那不可以,那不可以
zh-CN,conv-1-turn-2.txt,需要提供最新账单。,需要提高最新让本,需要提高最新让本
zh-CN,conv-1-turn-3.txt,那我要提高我的信用卡限额。,那我要提高我的信用卡限额,那我要提高我的信用卡限额
zh-CN,conv-1-turn-4.txt,提高信，信用卡的额度。,提高信信用卡的呃额度,提高信信用卡的额度
zh-CN,conv-1-turn-5.txt,对的。,对的,对的
zh-CN,conv-1-turn-6.txt,准备好了。,准备好了,准备好了
zh-CN,conv-1-turn-7.txt,C N 5 0 8。,C N 5 0 8,c n 五 零 八
zh-CN,conv-1-turn-8.txt,C N 5 0 8。,C N 5 0 8,c n 五 零 八
zh-CN,conv-1-turn-9.txt,美玲。,美玲,美玲
zh-CN,conv-10-turn-0.txt,你好。,你好,你好
zh-CN,conv-10-turn-1.txt,我提高我的信用卡的限额。,我想提高我的信用卡的限额,我想提高我的信用卡的限额
zh-CN,conv-10-turn-10.txt,君玲。,君临,君玲
zh-CN,conv-10-turn-11.txt,听到的吗？,听到的吗,听到的吗
zh-CN,conv-10-turn-12.txt,君玲。,君临,君玲
zh-CN,conv-10-turn-13.txt,君玲。,drilling,drilling
zh-CN,conv-10-turn-14.txt,哎呀。,唉呀,
zh-CN,conv-10-turn-2.txt,你先告诉我的追踪号码。,你先告诉我我的尊重号码,你先告诉我我的尊重号码
zh-CN,conv-10-turn-3.txt,准备好了。,啊准备好了,准备好了
zh-CN,conv-10-turn-4.txt,C N 6 1 0 7。,吸烟老油烟机,吸烟老油烟机
zh-CN,conv-10-turn-5.txt,C N 1 0 7。,C N 1 0 7,c n 一 零 七
zh-CN,conv-10-turn-6.txt,那我的姓，姓名呢？,那我的行呃性命呢,那我的行性命呢
zh-CN,conv-10-turn-7.txt,怎么了？,嗯怎么了,怎么了
zh-CN,conv-10-turn-8.txt,你还好吗？你觉得你有问题？,你还好吗你觉得有你有问题,你还好吗 你觉得有你有问题
zh-CN,conv-10-turn-9.txt,你还不知道，你还不知道我的姓名。,你还不知道你还不知道我的姓名,你还不知道你还不知道我的姓名
zh-CN,conv-11-turn-0.txt,你好。,你好,你好
zh-CN,conv-11-turn-1.txt,我正在等待。,我现在等待呃,我现在等待
zh-CN,conv-11-turn-10.txt,郡。我的姓名是郡凛。郡。,君君我的姓名是君玲君,郡 我的姓名是郡凛 郡
zh-CN,conv-11-turn-11.txt,8 6 1 3 9 1 0 1 2 4 2 3 4 5 6 7。,八六一三九一零一二四二三四五六七,八 六 一 三 九 一 零 一 二 四 二 三 四 五 六 七
zh-CN,conv-11-turn-12.txt,不对。我再重复一遍。,不对不对我再重复一遍,不对 不对 我再重复一遍
zh-CN,conv-11-turn-13.txt,8 6 1 3 9 0 1 2 3 4 5 6 7。,八六一三九零一二三四五六七,八 六 一 三 九 零 一 二 三 四 五 六 七
zh-CN,conv-11-turn-14.txt,不对。,不对,不对
zh-CN,conv-11-turn-15.txt,8 6 1 3 9 0 1 2 3 4 5 6 7。,八六一三九零一二三四五六七,八 六 一 三 九 零 一 二 三 四 五 六 七
zh-CN,conv-11-turn-16.txt,1 3 9。1 3 9。,一三九一三九,一 三 九 一 三 九
zh-CN,conv-11-turn-17.txt,你说的不对！你为什么不听好呀。,你说的不对你为什么请不请我呀,你说的不对你为什么请不请我呀
zh-CN,conv-11-turn-18.txt,我不再说。,我不再说,我不再说
zh-CN,conv-11-turn-2.txt,我正在等待新卡，想知道它的状态。,我正在等待新卡想知道他的状态,我正在等待新卡 想知道他的状态
zh-CN,conv-11-turn-3.txt,嗯。,嗯,
zh-CN,conv-11-turn-4.txt,你说得对，我现在等待新卡。想知道它的状态。,嗯你说的对我现在等待也新卡想知道他的状态,你说得对我现在等待也新卡想知道他的状态
zh-CN,conv-11-turn-5.txt,对。,对,对
zh-CN,conv-11-turn-6.txt,再说一遍。,你再说一遍,你再说一遍
zh-CN,conv-11-turn-7.txt,C N 0 3 8。,C N 0 3 8,c n 零 三 八
zh-CN,conv-11-turn-8.txt,对的。,对的,对的
zh-CN,conv-11-turn-9.txt,郡凛。,君临,郡凛
zh-CN,conv-12-turn-0.txt,你好。,你好,你好
zh-CN,conv-12-turn-1.txt,我正在等待信卡，想知道它状态。,我正在也等待新卡想知道他状态,我正在也等待新卡想知道他状态
zh-CN,conv-12-turn-10.txt,君，你听得不对，真的不对，我怎么办？,dream你听的不对认的不对我怎么办,dream 你听得不对认得不对我怎么办
zh-CN,conv-12-turn-11.txt,我的姓名是君灵。,我的姓名是君玲,我的姓名是君灵
zh-CN,conv-12-turn-12.txt,君灵 at email dot com。,dreaming at email dot com,dreaming at email dot com
zh-CN,conv-12-turn-13.txt,君灵 at email dot com。,dream lien at email dot com,dream lien at email dot com
zh-CN,conv-12-turn-14.txt,听到吗？,听到吗,听到吗
zh-CN,conv-12-turn-15.txt,君灵 at email dot com 已经说了。,dreamling and email dot com,dreamling and email dot com
zh-CN,conv-12-turn-16.txt,君，君，君灵，at email dot com。,dream dream dreaming at email dot com,dream dream dreaming at email dot com
zh-CN,conv-12-turn-2.txt,准备好了。,准备好了,准备好了
zh-CN,conv-12-turn-3.txt,C N 0 5 8。,C N 0 5 8,c n 零 五 八
zh-CN,conv-12-turn-4.txt,君灵。,君临,君灵
zh-CN,conv-12-turn-5.txt,听到了吗？,听到了吗,听到了吗
zh-CN,conv-12-turn-6.txt,是君灵。,是君临,是君灵
zh-CN,conv-12-turn-7.txt,君，你说得不对，你听得不对，听得不对，你再等一下。,君你说的不对你听的不对听的不对你再等一下,君 你说得不对 你听得不对 听得不对 你再等一下
zh-CN,conv-12-turn-8.txt,君，君，君灵。,dream dream dream林,dream dream dream林
zh-CN,conv-12-turn-9.txt,君灵。,dreaming,dreaming
zh-CN,conv-13-turn-0.txt,你好。,你好,你好
zh-CN,conv-13-turn-1.txt,我想提高我的信用卡的额度。,我想提高我的信用卡的额度,我想提高我的信用卡的额度
zh-CN,conv-13-turn-10.txt,君玲 at email dot com。,drinling at email dot com,drinling at email dot com
zh-CN,conv-13-turn-11.txt,听到吗？,听到吗,听到吗
zh-CN,conv-13-turn-12.txt,君玲 at email dot com。,drinlieu at email dot com,drinlieu at email dot com
zh-CN,conv-13-turn-13.txt,你有什么问题呀，你病了吗？,哎呀你有什么问题啊你病了吗,你有什么问题你病了吗
zh-CN,conv-13-turn-14.txt,君玲 at email dot com。,dwindling at emeldotka,dwindling at emeldotka
zh-CN,conv-13-turn-15.txt,君玲 at email dot com。,drin lin at email dot com,drin lin at email dot com
zh-CN,conv-13-turn-2.txt,没有没有没有没有，想提高信用卡的额度。,没有没有没有没有想提高信用卡的额度,没有没有没有没有 想提高信用卡的额度
zh-CN,conv-13-turn-3.txt,不对呀，你有什么问题。,不对呀你有什么问题,不对呀 你有什么问题
zh-CN,conv-13-turn-4.txt,想提高我的信用卡的限额。,想提高我的信用卡的限额,想提高我的信用卡的限额
zh-CN,conv-13-turn-5.txt,嗯准备好了。,嗯准备好了,准备好了
zh-CN,conv-13-turn-6.txt,C N 9 1 7。,C N 9 1 7,c n 九 一 七
zh-CN,conv-13-turn-7.txt,你为什么现在很大声跟我说话呀。,你为什么现在很大声跟我说话呀,你为什么现在很大声跟我说话
zh-CN,conv-13-turn-8.txt,君玲。,君临,君玲
zh-CN,conv-13-turn-9.txt,君玲 at email dot com。,drink lean at email dot com,drink lean at email dot com
zh-CN,conv-14-turn-0.txt,你好。,哦你好,你好
zh-CN,conv-14-turn-1.txt,我想提高我的信用卡的限额。,我想提高我的信用卡的限额,我想提高我的信用卡的限额
zh-CN,conv-14-turn-10.txt,我的邮箱地址是美玲 at email dot com。,我的邮箱地址是魅零 at email dot com,我的邮箱地址是美玲 at email dot com
zh-CN,conv-14-turn-11.txt,没有没有没有，美玲 at email dot com。,没有没有没有人 may ling at email dot com,没有没有没有人 may ling at email dot com
zh-CN,conv-14-turn-12.txt,你有，你有什么问题，我几次说是美玲。,你有你有什么问题我几次说是魅灵,你有 你有什么问题 我几次说是魅灵
zh-CN,conv-14-turn-13.txt,美玲 at email dot com。,mae ling at email dot com,mae ling at email dot com
zh-CN,conv-14-turn-14.txt,哎呀。,哎呀,
zh-CN,conv-14-turn-2.txt,听到了吗？,听到了吗,听到了吗
zh-CN,conv-14-turn-3.txt,准备好了，你说吧。,准备好了你说吧,准备好了 你说吧
zh-CN,conv-14-turn-4.txt,你说吧。,你说吧,你说吧
zh-CN,conv-14-turn-5.txt,C N 5 1 5。,C N 5 1 5,c n 五 一 五
zh-CN,conv-14-turn-6.txt,你可以再一遍，说。,你可以在一边说,你可以在一边说
zh-CN,conv-14-turn-7.txt,没有没有没有，我的意思是重复我的追踪号码。,没有没有没有我的意思是重复我的尊重号码,没有没有没有 我的意思是重复我的尊重号码
zh-CN,conv-14-turn-8.txt,美玲。,魅灵,美玲
zh-CN,conv-14-turn-9.txt,美玲 at email dot com。,mayling at email dot com,mayling at email dot com
zh-CN,conv-15-turn-0.txt,你好。,你好,你好
zh-CN,conv-15-turn-1.txt,我想提高我的信用卡的额度。,我想提高我的信用卡的额度,我想提高我的信用卡的额度
zh-CN,conv-15-turn-10.txt,是美玲 at email dot com。,she may ling at emelle dot com,she may ling at emelle dot com
zh-CN,conv-15-turn-11.txt,你真的有病啊，哎呀。,你真的有病啊哎呀,你真的有病
zh-CN,conv-15-turn-12.txt,美玲 at email dot com。,mailing at e mail dot com,mailing at e mail dot com
zh-CN,conv-15-turn-13.txt,美玲 at email dot com。,mailing at e mail dot com,mailing at e mail dot com
zh-CN,conv-15-turn-2.txt,准备好了。,嗯准备好了,准备好了
zh-CN,conv-15-turn-3.txt,C N 8 8 6。,C N 8 8 6,c n 八 八 六
zh-CN,conv-15-turn-4.txt,美玲。,美玲,美玲
zh-CN,conv-15-turn-5.txt,美玲 at email dot com。,mailing at email dot com,mailing at email dot com
zh-CN,conv-15-turn-6.txt,你听到了吗？,你听到了吗,你听到了吗
zh-CN,conv-15-turn-7.txt,是美玲 at email dot com。,shi mei ling at email dot com,shi mei ling at email dot com
zh-CN,conv-15-turn-8.txt,你说的不对。美玲 at email dot com。,你说的不对 mailing at e mail dot com,你说的不对 mailing at e mail dot com
zh-CN,conv-15-turn-9.txt,那我的邮箱地址呢？,那我的邮箱地址呢,那我的邮箱地址呢
zh-CN,conv-16-turn-0.txt,我想要提高我的信用卡限额。,我想要提高我的信用卡限额,我想要提高我的信用卡限额
zh-CN,conv-16-turn-1.txt,准备好了。,准备好了,准备好了
zh-CN,conv-16-turn-2.txt,C N 0 6 7。,C N 0 6 7,c n 零 六 七
zh-CN,conv-16-turn-3.txt,C N 0 6 7 数字 0 6 7。,C N 0 6 7数字零六七,c n 零 六 七 数字 零 六 七
zh-CN,conv-16-turn-4.txt,A N 0 6 7。,A N 0 6 7,a n 零 六 七
zh-CN,conv-16-turn-5.txt,A N 0 6 7。,C N 0 6 7,c n 零 六 七
zh-CN,conv-17-turn-0.txt,你好。,你好,你好
zh-CN,conv-17-turn-1.txt,我提高我的信用卡的额度。,我想提高我的信用卡的额度,我想提高我的信用卡的额度
zh-CN,conv-17-turn-10.txt,美玲 at email dot com。,mailing at email dot com,mailing at email dot com
zh-CN,conv-17-turn-11.txt,美玲 at email dot com。,mae ling at email dot com,mae ling at email dot com
zh-CN,conv-17-turn-12.txt,听到我的吗？,听到的吗,听到的吗
zh-CN,conv-17-turn-13.txt,美玲 at email dot com。,mailing its email dot com,mailing its email dot com
zh-CN,conv-17-turn-14.txt,美玲，美玲。,美美林,美玲 美玲
zh-CN,conv-17-turn-15.txt,美玲。,美玲,美玲
zh-CN,conv-17-turn-16.txt,美玲 at email dot com。,mainly at email does go,mainly at email does go
zh-CN,conv-17-turn-17.txt,我几次说了，你有什么问题呀，为什么不听我，为什么听不懂我。,我几次说了你有什么问题啊为什么不听我为什么听不懂我,我几次说了 你有什么问题 为什么不听我 为什么听不懂我
zh-CN,conv-17-turn-18.txt,我的邮箱地址是 美玲 at email dot com。,我的邮箱地址是美林 at email dot com,我的邮箱地址是 美玲 at email dot com
zh-CN,conv-17-turn-2.txt,嗯准备好了。,嗯准备好了,准备好了
zh-CN,conv-17-turn-3.txt,你可以重复我的追踪号吗？,呃你可以重复我的尊重号吗,你可以重复我的尊重号吗
zh-CN,conv-17-turn-4.txt,好，谢谢。,嗯好谢谢,好谢谢
zh-CN,conv-17-turn-5.txt,继续吧。,自己去吧,自己去吧
zh-CN,conv-17-turn-6.txt,你继续吧。,你继续吧,你继续吧
zh-CN,conv-17-turn-7.txt,美玲。,未了,未了
zh-CN,conv-17-turn-8.txt,美玲 at email dot com。,mailing and email dot com,mailing and email dot com
zh-CN,conv-17-turn-9.txt,美玲 at email dot com。,mailing at email dot com,mailing at email dot com
zh-CN,conv-18-turn-0.txt,我想要提高我的信用卡限额。,我想要提高我的信用卡限额,我想要提高我的信用卡限额
zh-CN,conv-18-turn-1.txt,准备好了。,准备好了,准备好了
zh-CN,conv-18-turn-10.txt,不对，我的名字是林梅。,不对我的名字是灵妹,不对 我的名字是灵妹
zh-CN,conv-18-turn-11.txt,我已打开app。,我已打开 app,我已打开 app
zh-CN,conv-18-turn-12.txt,我已点击确认。,我已点击确认,我已点击确认
zh-CN,conv-18-turn-13.txt,没有了，谢谢，但是你记错了我的号码和我的邮箱地址。,没有了谢谢但是你记错了我的号码和我的邮箱地址,没有了谢谢但是你记错了我的号码和我的邮箱地址
zh-CN,conv-18-turn-14.txt,我的邮箱地址是林梅 at email 点 com。,我的邮箱地址是灵美 at email点 com,我的邮箱地址是林梅 at email 点 com
zh-CN,conv-18-turn-15.txt,电话号码是 1 3 9 0 1 2 3 4 5 6 7。,电话号码是一三九零一二三四五六七,电话号码是 一 三 九 零 一 二 三 四 五 六 七
zh-CN,conv-18-turn-16.txt,没有了，谢谢。,没有了谢谢,没有了谢谢
zh-CN,conv-18-turn-17.txt,现在。,好的,好的
zh-CN,conv-18-turn-2.txt,C N 负 0 0。,an负零零,an 负 零 零
zh-CN,conv-18-turn-3.txt,C N 4 0 6。,贝恩四零六,贝恩 四 零 六
zh-CN,conv-18-turn-4.txt,C N 4 0 6。,C N 4 0 6,c n 四 零 六
zh-CN,conv-18-turn-5.txt,确认。,确认,确认
zh-CN,conv-18-turn-6.txt,林梅女士。,林梅女士,林梅女士
zh-CN,conv-18-turn-7.txt,林梅，林梅，林梅 at。,呃灵美灵美灵美 at,灵美 灵美 灵美 at
zh-CN,conv-18-turn-8.txt,加 8 6 1 3 9 0 1 2 3 4 5 6 7。,呃加八六一三九零一二三四五六七,加 八 六 一 三 九 零 一 二 三 四 五 六 七
zh-CN,conv-18-turn-9.txt,不对，我的邮箱是林梅 at email 点 com。,不对我的邮箱是灵美 at email点 com,不对 我的邮箱是林梅 at email 点 com
zh-CN,conv-19-turn-0.txt,我想提高我的信用卡的额度。,我想提高我的信用卡的额度,我想提高我的信用卡的额度
zh-CN,conv-19-turn-1.txt,准备好了。,嗯准备好了,准备好了
zh-CN,conv-19-turn-10.txt,对呀，但是我已经说了我的邮箱地址是美玲 at email dot com。,对呀但是我已经说了我的邮箱地址是梅林 at email dot com,对呀 但是我已经说了我的邮箱地址是美玲 at email dot com
zh-CN,conv-19-turn-11.txt,哎呀。,唉呀,
zh-CN,conv-19-turn-2.txt,C N 7 8 6。,C N 7 8 6,c n 七 八 六
zh-CN,conv-19-turn-3.txt,美玲。,魅灵,魅灵
zh-CN,conv-19-turn-4.txt,美，你说得不对，是美玲，美玲。,没你说的不对是魅灵魅灵,没你说的不对是魅灵魅灵
zh-CN,conv-19-turn-5.txt,美玲 at email dot com。,mailing at email dot com,mailing at email dot com
zh-CN,conv-19-turn-6.txt,美玲 at email dot com。,mailing at email dot com,mailing at email dot com
zh-CN,conv-19-turn-7.txt,听到吗？,听到吗,听到吗
zh-CN,conv-19-turn-8.txt,邮箱地址是美玲 at email dot com。,邮箱地址是美玲 at email dot com,邮箱地址是美玲 at email dot com
zh-CN,conv-19-turn-9.txt,已经说了几次，你为什么不分辨，你为什么不会帮我？,已经说了几次你为什么不回兵你为什么不回帮我,已经说了几次 你为什么不回兵 你为什么不回帮我
zh-CN,conv-2-turn-0.txt,你好。,您好,您好
zh-CN,conv-2-turn-1.txt,我正在等待我的信用卡，想知道它的状态。,我正在等待我的信用卡想知道他的状态,我正在等待我的信用卡 想知道他的状态
zh-CN,conv-2-turn-10.txt,你不，你还不知道我的电子地址，你还。,你不是你还不知道我的电子历史你还,你不是你还不知道我的电子历史你还
zh-CN,conv-2-turn-11.txt,美玲 at email dot com。,mailing at email dot com,mailing at email dot com
zh-CN,conv-2-turn-2.txt,准备好了。,嗯准备好了,准备好了
zh-CN,conv-2-turn-3.txt,C N 6 5 3。,C N 6 5 3,c n 六 五 三
zh-CN,conv-2-turn-4.txt,美玲。,美玲,美玲
zh-CN,conv-2-turn-5.txt,美玲 at email dot com。,mailing at email dot com,mailing at email dot com
zh-CN,conv-2-turn-6.txt,美玲 at email dot com。,美玲 at email dot com,美玲 at email dot com
zh-CN,conv-2-turn-7.txt,美玲 at email dot com。,mailing at email dot com,mailing at email dot com
zh-CN,conv-2-turn-8.txt,美玲 at email dot com。,mailing at email dot com你听到了吗,mailing at email dot com 你听到了吗
zh-CN,conv-2-turn-9.txt,你有什么问题呀，我说得很。,有什么问题啊我说的很,有什么问题我说的很
zh-CN,conv-20-turn-0.txt,你好。,你好,你好
zh-CN,conv-20-turn-1.txt,我想提高我的信用卡额度。,我想提高我的信用卡额度,我想提高我的信用卡额度
zh-CN,conv-20-turn-10.txt,我的邮箱地址是美玲 at email dot com。,啊我的邮箱地址是内林 at email dot com,我的邮箱地址是美玲 at email dot com
zh-CN,conv-20-turn-11.txt,你正在说什么，你正在说什么，你是不是傻子。,哦你是你你正在说什么你正在说什么你是个傻子,你是你你正在说什么你正在说什么你是个傻子
zh-CN,conv-20-turn-12.txt,美玲，我的姓名是美玲。,美玲我的姓名是美玲,美玲 我的姓名是美玲
zh-CN,conv-20-turn-13.txt,美玲 at email dot com。,mail you at email dot com,mail you at email dot com
zh-CN,conv-20-turn-14.txt,美玲 at email dot com。,mailing at email dot com,mailing at email dot com
zh-CN,conv-20-turn-2.txt,没有没有没有，你，我正在等待我的新卡，想知道它的状态。,没有没有没有你我正在等待我的新卡想知道它的状态,没有没有没有 你 我正在等待我的新卡 想知道它的状态
zh-CN,conv-20-turn-3.txt,准备好了，你再说吧。,嗯准备好了你再说吧,准备好了你再说吧
zh-CN,conv-20-turn-4.txt,C N 7 9 1。,C N C 9 1,c n c 九 一
zh-CN,conv-20-turn-5.txt,美玲。,魅灵,美玲
zh-CN,conv-20-turn-6.txt,不对不对，你说我的名字不对。,不对不对你说我的名字不对,不对不对你说我的名字不对
zh-CN,conv-20-turn-7.txt,美玲。,美玲,美玲
zh-CN,conv-20-turn-8.txt,美玲。,没领,没领
zh-CN,conv-20-turn-9.txt,是美玲 at email dot com。,是魅灵 at email dot com,是美玲 at email dot com
zh-CN,conv-21-turn-0.txt,你好。,你好,你好
zh-CN,conv-21-turn-1.txt,我想要知道我上一次的流水证明。,我想要知道我上一次的流水证明,我想要知道我上一次的流水证明
zh-CN,conv-21-turn-10.txt,我要更新我的邮箱地址，我的邮箱地址是错的。,我要更新我的邮箱地址我的邮箱地址是错的,我要更新我的邮箱地址我的邮箱地址是错的
zh-CN,conv-21-turn-11.txt,林美 at email 点 C O M。,灵妹 at email点 com,林美 at email 点 c o m
zh-CN,conv-21-turn-12.txt,林美。,是林妹,是林美
zh-CN,conv-21-turn-13.txt,林美 at E M A I L 点 C O M。,菱美 i email点 com,林美 i e m a i l 点 c o m
zh-CN,conv-21-turn-14.txt,林美 at email 点 com。,灵妹 at email点 com,林美 at email 点 com
zh-CN,conv-21-turn-15.txt,林美 at email 点 com。,顶美 at email点 com,林美 at email 点 com
zh-CN,conv-21-turn-16.txt,不是的。,我是的,我是的
zh-CN,conv-21-turn-17.txt,我的地址是中国北京市海淀区。,我的地址是中国北京市海淀区,我的地址是中国北京市海淀区
zh-CN,conv-21-turn-18.txt,海淀区，不是海定区。,海淀区不是海淀区,海淀区 不是 海淀区
zh-CN,conv-21-turn-19.txt,不是海边区，不正确。,不是海边区不正确,不是海边区不正确
zh-CN,conv-21-turn-2.txt,我的姓名是林美。,我的姓名是林美,我的姓名是林美
zh-CN,conv-21-turn-20.txt,中国北京市海淀区北京路1 2 3号。,中国北京市海淀区北京路一二三号,中国北京市海淀区北京路一 二 三号
zh-CN,conv-21-turn-21.txt,确认正确。,确认正确,确认正确
zh-CN,conv-21-turn-22.txt,给我瞧一下银行流水。,给我调一下银行流水,给我调一下银行流水
zh-CN,conv-21-turn-23.txt,对的。,对的,对的
zh-CN,conv-21-turn-24.txt,需要。,需要,需要
zh-CN,conv-21-turn-25.txt,需要。,需要,需要
zh-CN,conv-21-turn-3.txt,邮箱地址为林点美 at。,邮箱地址为零点美 at,邮箱地址为林点美 at
zh-CN,conv-21-turn-4.txt,电话是 1 3 9 0 1 2 3 4 5 6 7。,电话是一三九零一二三四五六七,电话是 一 三 九 零 一 二 三 四 五 六 七
zh-CN,conv-21-turn-5.txt,1 2 3 北京路的海淀，海淀区北京区，中国。,呃一二三北京肉的海淀海淀区北京区中国,一 二 三 北京肉的海淀 海淀区北京区中国
zh-CN,conv-21-turn-6.txt,正确。,半圈,半圈
zh-CN,conv-21-turn-7.txt,准备好了。,准备好了,准备好了
zh-CN,conv-21-turn-8.txt,C N 5 6 5。,C N 5 6 5,c n 五 六 五
zh-CN,conv-21-turn-9.txt,确认。,确认,确认
zh-CN,conv-22-turn-0.txt,你好。,你好,你好
zh-CN,conv-22-turn-1.txt,我想提高我的信用卡额度。,我想提高我的信用卡额度,我想提高我的信用卡额度
zh-CN,conv-22-turn-10.txt,C N 4 8 2。,C N 4 8 2,c n 四 八 二
zh-CN,conv-22-turn-11.txt,还是不对呀。,嗯还是不对呀,还是不对呀
zh-CN,conv-22-turn-12.txt,美玲。,美玲,美玲
zh-CN,conv-22-turn-13.txt,美玲 at email dot com。,mailing at email dot com,mailing at email dot com
zh-CN,conv-22-turn-14.txt,美玲 at email dot com。,mailing at email dot com,mailing at email dot com
zh-CN,conv-22-turn-15.txt,美玲 at email dot com。,mae ling at emelle,mae ling at emelle
zh-CN,conv-22-turn-16.txt,"美玲 at email dot com 是我的邮箱地址。When I concern, I'll get it.",mailing at email dot com,mailing at email dot com
zh-CN,conv-22-turn-2.txt,准备好了。,你准备好了,你准备好了
zh-CN,conv-22-turn-3.txt,C N 4 8 2。,C N 4 8 2,c n 四 八 二
zh-CN,conv-22-turn-4.txt,对吗？,对吗,对吗
zh-CN,conv-22-turn-5.txt,C N 4 8 2。,C N 4 8 2,c n 四 八 二
zh-CN,conv-22-turn-6.txt,C N 4 8 2。,C N 4 8 2,c n 四 八 二
zh-CN,conv-22-turn-7.txt,C N 4 8 2。,C M 4 8 2,c m 四 八 二
zh-CN,conv-22-turn-8.txt,C N 4 8 2。,C N 4 8 2,c n 四 八 二
zh-CN,conv-22-turn-9.txt,C C N 4 8 2。,C C N 4 8 2,c c n 四 八 二
zh-CN,conv-23-turn-0.txt,你好。,你好,你好
zh-CN,conv-23-turn-1.txt,我正在等待新卡，想知道它的状态。,我正在等待新卡想知道他的状态,我正在等待新卡 想知道他的状态
zh-CN,conv-23-turn-10.txt,我的。,我的,我的
zh-CN,conv-23-turn-11.txt,你先听我的名字。,唉你先听我的名字,你先听我的名字
zh-CN,conv-23-turn-12.txt,妹玲。,魅灵,妹玲
zh-CN,conv-23-turn-13.txt,对了，你说的对。,嗯对的你说的对,对的你说的对
zh-CN,conv-23-turn-14.txt,我的姓名是妹玲。,我的姓名是美玲,我的姓名是妹玲
zh-CN,conv-23-turn-15.txt,妹玲 at email dot com。,mailing at email dot com,mailing at email dot com
zh-CN,conv-23-turn-16.txt,你听到吗？,你听到吗,你听到吗
zh-CN,conv-23-turn-17.txt,妹玲 at email dot com。,mais lyons at emelle dot com,mais lyons at emelle dot com
zh-CN,conv-23-turn-18.txt,是妹玲 at email dot com。,shmailing at email dot com,shmailing at email dot com
zh-CN,conv-23-turn-19.txt,唉呀，你听到吗？,哎呀你听到吗,哎呀你听到吗
zh-CN,conv-23-turn-2.txt,准备好了，你说吧。,嗯准备好了你说吧,准备好了你说吧
zh-CN,conv-23-turn-3.txt,C N 6 6 4。,C N 6 6 4,c n 六 六 四
zh-CN,conv-23-turn-4.txt,C N 6 6 4。,C N 6 6 4,c n 六 六 四
zh-CN,conv-23-turn-5.txt,C N 6 6 4。,C N 6 6 4,c n 六 六 四
zh-CN,conv-23-turn-6.txt,妹玲。,魅灵,妹玲
zh-CN,conv-23-turn-7.txt,你可以重复我的姓名。,你可以重复我的姓名,你可以重复我的姓名
zh-CN,conv-23-turn-8.txt,不对的。,部队的,部队的
zh-CN,conv-23-turn-9.txt,妹玲。,美玲,妹玲
zh-CN,conv-24-turn-0.txt,我办了一张新卡，我想问一下我的新卡什么时候到？,我办了一张新卡我想问一下我的新卡什么时候到,我办了一张新卡 我想问一下我的新卡什么时候到
zh-CN,conv-24-turn-1.txt,准备好了。,准备好了,准备好了
zh-CN,conv-24-turn-10.txt,邮箱地址是林美 at email 点 com。,我的邮箱地址是灵美 at email点 com,我的邮箱地址是林美 at email 点 com
zh-CN,conv-24-turn-11.txt,林美 at email 点 com。,明媚 at email点 com,明媚 at email 点 com
zh-CN,conv-24-turn-12.txt,不正确。,不正确,不正确
zh-CN,conv-24-turn-13.txt,林美 at email dot com。,林妹 at email dot com,林美 at email dot com
zh-CN,conv-24-turn-14.txt,不正确。,不正确,不正确
zh-CN,conv-24-turn-15.txt,不用了，不用记录我的邮箱了，能不能不用我这个邮箱。,不用了不用进入我的邮箱了能不能不用我的邮箱,不用了 不用进入我的邮箱了 能不能不用我的邮箱
zh-CN,conv-24-turn-16.txt,我的住址是中国市北京，我的住址是中国。,我的住址是中国市北京我的住址是中国,我的住址是中国市北京我的住址是中国
zh-CN,conv-24-turn-17.txt,中国北京市海淀区北京路 1 2 3号。,中国北京市海淀区北京路一二三号,中国北京市海淀区北京路 一 二 三号
zh-CN,conv-24-turn-18.txt,电话号码不正确。,电话号码不正确,电话号码不正确
zh-CN,conv-24-turn-19.txt,1 3 9 0 1 2 3 4 5 6 7。,一三九零一二三四五六七,一 三 九 零 一 二 三 四 五 六 七
zh-CN,conv-24-turn-2.txt,确认。,确认,确认
zh-CN,conv-24-turn-20.txt,正确。,正确,正确
zh-CN,conv-24-turn-21.txt,没通过吗，怎么那么慢？,还发货吗怎么那么慢,还发货吗 怎么那么慢
zh-CN,conv-24-turn-22.txt,你好。,你好,你好
zh-CN,conv-24-turn-3.txt,林美。,灵妹,林美
zh-CN,conv-24-turn-4.txt,林点美。,零点美,零点美
zh-CN,conv-24-turn-5.txt,林美 at email 点 com。,林妹 at email点 com,林美 at email 点 com
zh-CN,conv-24-turn-6.txt,1 3 9 0 1 2 3 4 5 6 7。,一三九零一二三四五六七,一 三 九 零 一 二 三 四 五 六 七
zh-CN,conv-24-turn-7.txt,电话号码是 1 3 9 0 1 2 3 4 5 6 7。,电话号码是一三九零一二三四五六七,电话号码是 一 三 九 零 一 二 三 四 五 六 七
zh-CN,conv-24-turn-8.txt,我的电话号码是 1 3 9 0 1 2 3 4 5 6 7。,我的电话号码是一三九零一二三四五六七,我的电话号码是 一 三 九 零 一 二 三 四 五 六 七
zh-CN,conv-24-turn-9.txt,我的电话号码是 1 3 9 0 1 2 3 4 5 6 7。,我的电话号码是一三九零一二三四五六七,我的电话号码是 一 三 九 零 一 二 三 四 五 六 七
zh-CN,conv-25-turn-0.txt,你好。,你好,你好
zh-CN,conv-25-turn-1.txt,我想提高我的信用卡额度。,我想提高提高我的信用卡额度,我想提高提高我的信用卡额度
zh-CN,conv-25-turn-10.txt,不对的，不对！是美玲 at email dot com。,部队的部队是魅灵 at email dot com,部队的部队是魅灵 at email dot com
zh-CN,conv-25-turn-11.txt,我已经几次说了，哎呀！,我已经几次说了哎呀,我已经几次说了 哎呀
zh-CN,conv-25-turn-12.txt,我的邮箱地址是美玲 at email dot com。,我的邮箱地址是美玲 at email dot com,我的邮箱地址是美玲 at email dot com
zh-CN,conv-25-turn-2.txt,是的是的，想提高信用卡的额度。,啊是的是的想提高信用卡的额度,是的是的想提高信用卡的额度
zh-CN,conv-25-turn-3.txt,准备好了。,嗯准备好了,准备好了
zh-CN,conv-25-turn-4.txt,C N 0 8 8。,C N 0 8 8,c n 零 八 八
zh-CN,conv-25-turn-5.txt,我说的对吗？,我说的对吗,我说的对吗
zh-CN,conv-25-turn-6.txt,美玲。,魅灵,美玲
zh-CN,conv-25-turn-7.txt,美玲 at email dot com。,mailing at email dot com,mailing at email dot com
zh-CN,conv-25-turn-8.txt,听到吗？,听到吗,听到吗
zh-CN,conv-25-turn-9.txt,是，美玲 at email dot com。,是魅灵 at email dot com,是 美玲 at email dot com
zh-CN,conv-26-turn-0.txt,你好。,你不要生气哈,你不要生气哈
zh-CN,conv-26-turn-1.txt,我正在等待我的新卡，想知道它的状态。,我仍在等待我的信卡想知道他的状态,我仍在等待我的信卡想知道他的状态
zh-CN,conv-26-turn-10.txt,美玲 at email dot com。,mailing at email dot com,mailing at email dot com
zh-CN,conv-26-turn-11.txt,美玲 at email dot com。,mailing at email dot com,mailing at email dot com
zh-CN,conv-26-turn-12.txt,美玲 at email dot com。,mae ling et zemel dot com,mae ling et zemel dot com
zh-CN,conv-26-turn-13.txt,美玲 美玲。,baby baby,baby baby
zh-CN,conv-26-turn-14.txt,你为什么听不懂我？,你为什么听不到我,你为什么听不到我
zh-CN,conv-26-turn-15.txt,你还不知道我的邮箱地址。,你还不知道我的邮箱地址,你还不知道我的邮箱地址
zh-CN,conv-26-turn-16.txt,邮箱地址呢？邮箱地址你知道吗？,邮箱地址呢邮箱地址你知道吗,邮箱地址呢 邮箱地址你知道吗
zh-CN,conv-26-turn-17.txt,美玲 at email dot com。,mailing at email dot com,mailing at email dot com
zh-CN,conv-26-turn-2.txt,准备好了。,嗯准备好了,准备好了
zh-CN,conv-26-turn-3.txt,嗯。,嗯,
zh-CN,conv-26-turn-4.txt,C N 7 0 6。,C N C 0 6,c n c 零 六
zh-CN,conv-26-turn-5.txt,嗯。,嗯,
zh-CN,conv-26-turn-6.txt,C N 7 0 7 0 6。,cn经理呃七零六,c n 经理 七 零 六
zh-CN,conv-26-turn-7.txt,美玲。,美玲,美玲
zh-CN,conv-26-turn-8.txt,美玲 at email dot com。,mailing at email dot com,mailing at email dot com
zh-CN,conv-26-turn-9.txt,你听到了吗？,你听到了吗,你听到了吗
zh-CN,conv-27-turn-0.txt,你好，我想要取消我银行卡的手续费。,你好我想要取消我银行卡的手续费,你好 我想要取消我银行卡的手续费
zh-CN,conv-27-turn-1.txt,取现费。,取现费,取现费
zh-CN,conv-27-turn-10.txt,林美 at email dot com。,林美 at email dot com,林美 at email dot com
zh-CN,conv-27-turn-11.txt,林美 at email dot com。,林妹 at email dot com,林美 at email dot com
zh-CN,conv-27-turn-12.txt,L E I dot L I N G at E M A I L dot C O M。,m e i dot l i n g h e m a i l dot com,m e i dot l i n g h e m a i l dot c o m
zh-CN,conv-27-turn-13.txt,1 3 9 0 1 2 3 4 5 6 7。,一三九零一二三四五六七,一 三 九 零 一 二 三 四 五 六 七
zh-CN,conv-27-turn-14.txt,不对。是 1 3 9 0 1 2 3 4 5 6 7。,不对是一三九零一二三四五六七,不对 是 一 三 九 零 一 二 三 四 五 六 七
zh-CN,conv-27-turn-15.txt,不对。,不对,不对
zh-CN,conv-27-turn-16.txt,1 3 9 0 1 2 3 4 5 6 7。,一三九零一二三四五六七,一 三 九 零 一 二 三 四 五 六 七
zh-CN,conv-27-turn-17.txt,我的联系地址是中国北京市海定区北京路123号。,我的联系地址是中国北京市海淀区北京路一二三号,我的联系地址是中国北京市海淀区北京路一二三号
zh-CN,conv-27-turn-18.txt,对。,对,对
zh-CN,conv-27-turn-19.txt,我的邮箱不正确。,我的邮箱不正确,我的邮箱不正确
zh-CN,conv-27-turn-2.txt,是的。,是的,是的
zh-CN,conv-27-turn-3.txt,是的。,是的,是的
zh-CN,conv-27-turn-4.txt,准备好了。,准备好了,准备好了
zh-CN,conv-27-turn-5.txt,A N 6 5 5 确认。,A N 6 5 5确认,a n 六 五 五 确认
zh-CN,conv-27-turn-6.txt,辨认。,爱人,爱人
zh-CN,conv-27-turn-7.txt,林美。,林妹,林美
zh-CN,conv-27-turn-8.txt,林美 at email 点 com。,林妹 at email点 com,林美 at email 点 com
zh-CN,conv-27-turn-9.txt,林美 at email 点 com。,林妹 at email点 com,林美 at email 点 com
zh-CN,conv-28-turn-0.txt,你好。,你好,你好
zh-CN,conv-28-turn-1.txt,我正在等待新卡，想知道它的状态。,呃我正在等待也呃新卡想知道它的状态,我正在等待也新卡想知道它的状态
zh-CN,conv-28-turn-10.txt,你有什么问题？,没有什么问题,没有什么问题
zh-CN,conv-28-turn-2.txt,准备好了。,嗯准备好了,准备好了
zh-CN,conv-28-turn-3.txt,C N 0 3 9。,C N 0 3 9,c n 零 三 九
zh-CN,conv-28-turn-4.txt,美玲。,魅灵,美玲
zh-CN,conv-28-turn-5.txt,美玲 at email dot com。,mae ling et zimmern lutzko,mae ling et zimmern lutzko
zh-CN,conv-28-turn-6.txt,听到了吗？,听到了吗,听到了吗
zh-CN,conv-28-turn-7.txt,美玲 at email dot com。,梅林 f email dot com,美玲 f email dot com
zh-CN,conv-28-turn-8.txt,哎呀，是美玲 at email dot com。,哎呀是魅灵 at email dot com,哎呀 是美玲 at email dot com
zh-CN,conv-28-turn-9.txt,美玲 at email dot com。,mailing at email dot com,mailing at email dot com
zh-CN,conv-29-turn-0.txt,你好。,你好,你好
zh-CN,conv-29-turn-1.txt,如何取消银行卡的短信通知？,如何取消银行卡的短信通知,如何取消银行卡的短信通知
zh-CN,conv-29-turn-2.txt,准备好了。,准备好了,准备好了
zh-CN,conv-29-turn-3.txt,C N 3 0 5。,A N 3 0 5,a n 三 零 五
zh-CN,conv-29-turn-4.txt,林梅。,灵美,林梅
zh-CN,conv-29-turn-5.txt,1 3 9 0 1 2 3 4 5 6 7。,一三九零一二三四五六七,一 三 九 零 一 二 三 四 五 六 七
zh-CN,conv-29-turn-6.txt,我不想提供。,我不想提供,我不想提供
zh-CN,conv-29-turn-7.txt,中国北京市海淀区北京路 1 2 3号。,中国北京市海淀区北京路一二三号,中国北京市海淀区北京路 一 二 三号
zh-CN,conv-29-turn-8.txt,是的。,是的,是的
zh-CN,conv-3-turn-0.txt,我正在等待我的信用卡，想知道它的状态。,我正在等待我的信用卡想提想知道他的状态,我正在等待我的信用卡想提想知道他的状态
zh-CN,conv-3-turn-1.txt,准备好了。,准备好了,准备好了
zh-CN,conv-3-turn-10.txt,美玲 at email dot com。,mailing at email dot com,mailing at email dot com
zh-CN,conv-3-turn-11.txt,哎呀！,唉呀,哎呀
zh-CN,conv-3-turn-12.txt,你有什么问题啊。,你有什么问题呀,你有什么问题
zh-CN,conv-3-turn-13.txt,你好。,你好,你好
zh-CN,conv-3-turn-2.txt,C N 3 8 0。,C N 3 8 0,c n 三 八 零
zh-CN,conv-3-turn-3.txt,美玲。,美玲,美玲
zh-CN,conv-3-turn-4.txt,美玲 at email dot com。,美林 at email dot com,美玲 at email dot com
zh-CN,conv-3-turn-5.txt,听到的吗？,听到的吗,听到的吗
zh-CN,conv-3-turn-6.txt,美玲 at email dot com。,mailing at email dot com,mailing at email dot com
zh-CN,conv-3-turn-7.txt,你写了我的电子邮箱吗？,呃那你写了我的电子邮箱吗,那你写了我的电子邮箱吗
zh-CN,conv-3-turn-8.txt,美玲 at email dot com。,mailing at email dot com,mailing at email dot com
zh-CN,conv-3-turn-9.txt,你还没听到呀！,你还没听到呀,你还没听到呀
zh-CN,conv-30-turn-0.txt,你好。,你好,你好
zh-CN,conv-30-turn-1.txt,你好我最近转出去的那笔账为什么还没有到对方的账户上？,你好我最近转出去的那笔账为什么还没有到对方的账户上,你好我最近转出去的那笔账为什么还没有到对方的账户上
zh-CN,conv-30-turn-10.txt,俊，不是邻居，是林俊。,俊不是林俊是林俊,俊不是林俊是林俊
zh-CN,conv-30-turn-11.txt,我不想告诉你电子邮箱地址。,我不想告诉你电子邮箱地址,我不想告诉你电子邮箱地址
zh-CN,conv-30-turn-12.txt,我没有电子邮箱地址。,我没有电子邮箱地址,我没有电子邮箱地址
zh-CN,conv-30-turn-13.txt,1 3 9 0 1 2 3 4 5 6 7。,一三九零一二三四五六七,一 三 九 零 一 二 三 四 五 六 七
zh-CN,conv-30-turn-14.txt,北京市海鼎区北京路123号。,北京市海淀区北京路一二三号,北京市海淀区北京路一二三号
zh-CN,conv-30-turn-15.txt,正确。,正确,正确
zh-CN,conv-30-turn-16.txt,转账日期是11月23号，金额是100万，对方户名为林梅。,转账日期是十一月二三号金额是一百万对方户名为林梅,转账日期是 十一月 二三号 金额是 一百万 对方户名为 林梅
zh-CN,conv-30-turn-17.txt,不用了谢谢。,不用了谢谢,不用了谢谢
zh-CN,conv-30-turn-2.txt,准备好了。,准备好了,准备好了
zh-CN,conv-30-turn-3.txt,C N 0 7 3。,C N 0 7 3,c n 零 七 三
zh-CN,conv-30-turn-4.txt,林俊。,邻居,邻居
zh-CN,conv-30-turn-5.txt,林俊。,林郡,林俊
zh-CN,conv-30-turn-6.txt,林俊。,邻居,邻居
zh-CN,conv-30-turn-7.txt,不是邻居，是林俊，俊，俊。,不是邻居是邻居俊俊,不是邻居是邻居俊俊
zh-CN,conv-30-turn-8.txt,我的姓名是林俊。,我的姓名是林俊,我的姓名是林俊
zh-CN,conv-30-turn-9.txt,不是邻居，是林俊。,不是林芝是林郡,不是林俊
zh-CN,conv-31-turn-0.txt,你好。,你好,你好
zh-CN,conv-31-turn-1.txt,我的卡为什么被冻结了，不能用。,我的卡为什么被冻结了不能用,我的卡为什么被冻结了不能用
zh-CN,conv-31-turn-2.txt,准备好了。,准备好了,准备好了
zh-CN,conv-31-turn-3.txt,C N 5 6 8。,C N 5 6 8,c n 五 六 八
zh-CN,conv-31-turn-4.txt,林梅女士。,林梅女士,林梅女士
zh-CN,conv-32-turn-0.txt,你好。,你好,你好
zh-CN,conv-32-turn-1.txt,我的卡为什么被限额了。,我的卡为什么被限额了,我的卡为什么被限额了
zh-CN,conv-32-turn-10.txt,是的。,是的,是的
zh-CN,conv-32-turn-11.txt,我要接入人工客服。,我要接入人工客服,我要接入人工客服
zh-CN,conv-32-turn-12.txt,你不能再发一遍通知吗？,你不能再发一遍通知吗,你不能再发一遍通知吗
zh-CN,conv-32-turn-13.txt,没有了，谢谢。,没有了谢谢,没有了谢谢
zh-CN,conv-32-turn-14.txt,再见。,再见,再见
zh-CN,conv-32-turn-2.txt,准备好了。,准备好了,准备好了
zh-CN,conv-32-turn-3.txt,林梅。,灵媒,灵媒
zh-CN,conv-32-turn-4.txt,林梅 at email dot com。,灵媒 at email点 com,林梅 at email dot com
zh-CN,conv-32-turn-5.txt,林美 at email dot com。,灵媒 at email点 com,林美 at email dot com
zh-CN,conv-32-turn-6.txt,1 3 9 0 1 2 3 4 5 6 7。,一三九零一二三四五六七,一 三 九 零 一 二 三 四 五 六 七
zh-CN,conv-32-turn-7.txt,正确。,正确,正确
zh-CN,conv-32-turn-8.txt,需要，请帮我提升额度。,需要请帮我提升额度,需要请帮我提升额度
zh-CN,conv-32-turn-9.txt,我没有，我没有得到通知。,我没有等我没有得到通知,我没有等我没有得到通知
zh-CN,conv-33-turn-0.txt,你好。,你好,你好
zh-CN,conv-33-turn-1.txt,我的卡被冻结了，怎么解锁。,我的卡被冻结了怎么解锁,我的卡被冻结了 怎么解锁
zh-CN,conv-33-turn-10.txt,林俊。,林俊,林俊
zh-CN,conv-33-turn-11.txt,我的姓名是林俊。,我的姓名是林俊,我的姓名是林俊
zh-CN,conv-33-turn-12.txt,不是邻居，是林俊，俊，J U N。,不是邻居是邻居 jun jun,不是邻居是邻居 jun jun
zh-CN,conv-33-turn-13.txt,姓名是林俊，英俊的俊。,姓名是林俊英俊的俊,姓名是林俊 英俊的俊
zh-CN,conv-33-turn-14.txt,林俊 at email 点 com。,林俊 at email点 com,林俊 at email 点 com
zh-CN,conv-33-turn-15.txt,邮箱地址也是林俊。,邮箱地址也是林俊,邮箱地址也是林俊
zh-CN,conv-33-turn-16.txt,错误。,错误,错误
zh-CN,conv-33-turn-17.txt,错误，我的姓名是林俊。,错误我的姓名是林俊,错误 我的姓名是林俊
zh-CN,conv-33-turn-18.txt,确认。,确认,确认
zh-CN,conv-33-turn-19.txt,确认。,确认,确认
zh-CN,conv-33-turn-2.txt,准备好了。,准备好了,准备好了
zh-CN,conv-33-turn-20.txt,邮箱地址是林俊 at email 点 com。,邮箱地址是邻近 at email点 com,邮箱地址是林俊 at email 点 com
zh-CN,conv-33-turn-21.txt,不对，我不要跟你讲我的邮箱地址了。,不对我不要跟你讲我的邮箱地址了,不对 我不要跟你讲我的邮箱地址了
zh-CN,conv-33-turn-22.txt,我的手机号是 1 3 9 0 1 2 3 4 5 6 7。,我的手机号是一三九零一二三四五六七,我的手机号是 一 三 九 零 一 二 三 四 五 六 七
zh-CN,conv-33-turn-23.txt,收货地址是北京市海淀区北京路 1 2 3号。,收货地址是中国北京市海淀区北京路一二三号,收货地址是中国北京市海淀区北京路 一 二 三号
zh-CN,conv-33-turn-24.txt,确认。,确认,确认
zh-CN,conv-33-turn-25.txt,不是卡片发没发货，我是说我的卡冻结了，刷不了。,不是卡片发没发货我说是我的卡冻结了刷不了,不是卡片发没发货 我说是我的卡冻结了刷不了
zh-CN,conv-33-turn-26.txt,没有啊。,没有啊,没有
zh-CN,conv-33-turn-27.txt,我想要现在就接人工客服。,我想要现在就接人工客服,我想要现在就接人工客服
zh-CN,conv-33-turn-28.txt,没有了，谢谢。,没有了谢谢,没有了谢谢
zh-CN,conv-33-turn-3.txt,C N 8 0 5。,C N 8 0 5,c n 八 零 五
zh-CN,conv-33-turn-4.txt,确认，C N 8 0 5。,确认 C N 8 0 5,确认 c n 八 零 五
zh-CN,conv-33-turn-5.txt,确认。,干啥,干啥
zh-CN,conv-33-turn-6.txt,林俊。,林俊,林俊
zh-CN,conv-33-turn-7.txt,我的姓名不是丁俊，是林俊。,我的姓名不是顶俊是林俊,我的姓名不是顶俊是林俊
zh-CN,conv-33-turn-8.txt,不是邻居，是林俊。,不是邻居是邻居,不是邻居是邻居
zh-CN,conv-33-turn-9.txt,不是邻居。,不是邻居,不是邻居
zh-CN,conv-34-turn-0.txt,怎么办一张信用卡？,怎么办一张信用卡,怎么办一张信用卡
zh-CN,conv-34-turn-1.txt,准备好了。,准备好了,准备好了
zh-CN,conv-34-turn-10.txt,我的电话是 1 3 9 0 1 2 3 4 5 6 7。,我的电话号码是一三九零一二三四五六七,我的电话号码是 一 三 九 零 一 二 三 四 五 六 七
zh-CN,conv-34-turn-11.txt,还需要了解。,还需要了解,还需要了解
zh-CN,conv-34-turn-12.txt,还想要了解，需要了解。,还想要了解需要了解,还想要了解 需要了解
zh-CN,conv-34-turn-2.txt,A N 9 5 0。,A N 9 5 0,a n 九 五 零
zh-CN,conv-34-turn-3.txt,林美。,林梅,林美
zh-CN,conv-34-turn-4.txt,林美 at email。,林梅 at email,林美 at email
zh-CN,conv-34-turn-5.txt,1 3 9。,一三九,一 三 九
zh-CN,conv-34-turn-6.txt,0 1 2 3 4 5 6 7。,零一二三四五六七,零 一 二 三 四 五 六 七
zh-CN,conv-34-turn-7.txt,不是，我的电话是 1 3 9 0 1 2 3。,不是我的电话号码是一三九零一二三,不是 我的 电话 号码 是 一 三 九 零 一 二 三
zh-CN,conv-34-turn-8.txt,我的电话错误，我的电话号码是 1 3 9 0 1 2 3 4 5 6 7。,我的电话号码错误我的电话号码是一三九零一二三四五六七,我的电话号码错误 我的电话号码是 一 三 九 零 一 二 三 四 五 六 七
zh-CN,conv-34-turn-9.txt,不正确，我的信息是 1 3 9 0 1 2 3 4 5 6 7。,不正确我的信息是一三九零一二三四五六七,不正确 我的信息是 一 三 九 零 一 二 三 四 五 六 七
zh-CN,conv-35-turn-0.txt,你好。,你好,你好
zh-CN,conv-35-turn-1.txt,我想咨询未成年能办卡吗？,我想咨询未成年能办卡吗,我想咨询未成年能办卡吗
zh-CN,conv-35-turn-2.txt,帮我转接人工客服。,帮我转接人工客服,帮我转接人工客服
zh-CN,conv-35-turn-3.txt,方便。,方便,方便
zh-CN,conv-35-turn-4.txt,我想要办一张卡。,我想要办一张卡,我想要办一张卡
zh-CN,conv-35-turn-5.txt,我想要办一张卡，但是我未成年，怎么办？,我想要办一张卡但是我未成年怎么办,我想要办一张卡但是我未成年怎么办
zh-CN,conv-36-turn-0.txt,我想要办一张卡。,我想要办一张卡,我想要办一张卡
zh-CN,conv-36-turn-1.txt,准备好了。,准备好了,准备好了
zh-CN,conv-36-turn-10.txt,我的电话号码，我的电话号码是 0 1 2 3。,我的电话号码我的电话号码是零一二三,我的电话号码我的电话号码是 零 一 二 三
zh-CN,conv-36-turn-11.txt,我的电话号码是 1 3 9 0 1 2 3 4 5 6 7。,我的电话号码是一三九零一二三四五六七,我的电话号码是 一 三 九 零 一 二 三 四 五 六 七
zh-CN,conv-36-turn-12.txt,你好。,你好,你好
zh-CN,conv-36-turn-13.txt,你好。,你好,你好
zh-CN,conv-36-turn-14.txt,我的电话号码是 1 3 9 0 1 2 3 4 5 6 7。,我的电话号码是一三九零一二三四五六七,我的电话号码是 一 三 九 零 一 二 三 四 五 六 七
zh-CN,conv-36-turn-15.txt,你好，能听见我说话吗？,你好能听见我说话吗,你好 能 听见 我 说话 吗
zh-CN,conv-36-turn-16.txt,喂。,喂,喂
zh-CN,conv-36-turn-17.txt,电话号码错误。,电话号码错误,电话号码错误
zh-CN,conv-36-turn-18.txt,1 3 9 0 1 2 3 4 5 6 7。,一三九零一二三四五六七,一 三 九 零 一 二 三 四 五 六 七
zh-CN,conv-36-turn-19.txt,你好。,你好,你好
zh-CN,conv-36-turn-2.txt,C N 9 5 8。,A N 9 5 8,a n 九 五 八
zh-CN,conv-36-turn-20.txt,不是，但是能不能别要我的电话号码了。,不是但是能不能别用我的电话号码了,不是但是能不能别用我的电话号码了
zh-CN,conv-36-turn-21.txt,不用了，谢谢。,不用了谢谢,不用了谢谢
zh-CN,conv-36-turn-3.txt,确认。,确认,确认
zh-CN,conv-36-turn-4.txt,林梅。,灵媒,灵媒
zh-CN,conv-36-turn-5.txt,林梅 at email 点 com。,灵媒 at email点 com,林梅 at email 点 com
zh-CN,conv-36-turn-6.txt,我的邮箱是林梅 at email 点 com。,我的邮箱是灵媒 at email点 com,我的邮箱是林梅 at email 点 com
zh-CN,conv-36-turn-7.txt,我的联系方式是 1 3 9 0 1 2 3 4 5 6 7。,我的联系方式是一三九零一二三四五六七,我的联系方式是 一 三 九 零 一 二 三 四 五 六 七
zh-CN,conv-36-turn-8.txt,电话号码错误，电话号码是 1 2 3，不对，电话号码是 1 3 9 0 1 2 3 4 5 6 7。,电话号码错误电话号码是一二三不对电话号码是一三九零一二三四五六七,电话号码错误 电话号码是 一 二 三 不对 电话号码是 一 三 九 零 一 二 三 四 五 六 七
zh-CN,conv-36-turn-9.txt,不正确。,不正确,不正确
zh-CN,conv-37-turn-0.txt,你好。,你好,你好
zh-CN,conv-37-turn-1.txt,你好。,你好,你好
zh-CN,conv-37-turn-10.txt,你，你可以重复我的姓名啊。,你你可以重复我的姓名啊,你 你可以重复我的姓名
zh-CN,conv-37-turn-11.txt,嗯对的。,嗯对的,对的
zh-CN,conv-37-turn-12.txt,对的对的。,对的对的,对的对的
zh-CN,conv-37-turn-13.txt,君玲 at email dot com。,dreamling at email dot com,dreamling at email dot com
zh-CN,conv-37-turn-14.txt,君玲 at email dot com。,drin lin at email dot com,drin lin at email dot com
zh-CN,conv-37-turn-15.txt,君玲 at email dot com。,drin ling at emeldotecon,drin ling at emeldotecon
zh-CN,conv-37-turn-16.txt,君玲 at email dot com。,drink lean at email dot com,drink lean at email dot com
zh-CN,conv-37-turn-17.txt,你说得不对。,你说的不对,你说得不对
zh-CN,conv-37-turn-18.txt,我的邮箱地址是君玲 at email dot com。,我的邮箱地址是 dreaming at email dot com,我的邮箱地址是 dreaming at email dot com
zh-CN,conv-37-turn-19.txt,不对呀，不对，哎呀。,不对呀不对哎呀,不对呀 不对 哎呀
zh-CN,conv-37-turn-2.txt,我想提高信用卡的额度。,我想提高信用卡的额度,我想提高信用卡的额度
zh-CN,conv-37-turn-3.txt,明白了吗？,明白了吗,明白了吗
zh-CN,conv-37-turn-4.txt,你说话吧。,你说吧,你说吧
zh-CN,conv-37-turn-5.txt,你说吧。,你说吧,你说吧
zh-CN,conv-37-turn-6.txt,C N 4 8 3。,C N 4 8 3,c n 四 八 三
zh-CN,conv-37-turn-7.txt,是对的。,是对的,是对的
zh-CN,conv-37-turn-8.txt,我的姓名，你还不知道我的姓名。,我的姓名你还不知道我的姓名,我的姓名你还不知道我的姓名
zh-CN,conv-37-turn-9.txt,君玲。,君临,君玲
zh-CN,conv-38-turn-0.txt,你好。,你好,你好
zh-CN,conv-38-turn-1.txt,我正在等待信卡，想知道它的状态。,呃我正在等待也新卡想知道它的状态,我正在等待也新卡想知道它的状态
zh-CN,conv-38-turn-10.txt,哎呀。,唉呀,
zh-CN,conv-38-turn-11.txt,你听不到我哦。,你听不懂我哦,你听不懂我哦
zh-CN,conv-38-turn-12.txt,所以你听不懂。,所以你听不懂,所以你听不懂
zh-CN,conv-38-turn-13.txt,君玲。,君临,君玲
zh-CN,conv-38-turn-2.txt,我在等待信卡，想知道它的状态。,我在等待新卡想知道他的呃状态,我在等待新卡想知道他的状态
zh-CN,conv-38-turn-3.txt,准备好了。,嗯准备好了,准备好了
zh-CN,conv-38-turn-4.txt,C N 4 1 3。,cn素医生,c n 素 医 生
zh-CN,conv-38-turn-5.txt,对的。,嗯对的,对的
zh-CN,conv-38-turn-6.txt,君玲，君玲。,dreaming dreaming,dreaming dreaming
zh-CN,conv-38-turn-7.txt,喂。,喂,喂
zh-CN,conv-38-turn-8.txt,君玲。,君临,君玲
zh-CN,conv-38-turn-9.txt,君玲。,君临,君玲
zh-CN,conv-39-turn-0.txt,喂。,喂,喂
zh-CN,conv-39-turn-1.txt,我想提高我的信用卡的限额。,呃我想提高我的信用卡的限额,我想提高我的信用卡的限额
zh-CN,conv-39-turn-10.txt,君玲。,君临,君玲
zh-CN,conv-39-turn-11.txt,君玲。,君临,君玲
zh-CN,conv-39-turn-12.txt,君玲。,君临,君玲
zh-CN,conv-39-turn-13.txt,我还没说我的邮箱地址。,我还没说我的邮箱地址,我还没说我的邮箱地址
zh-CN,conv-39-turn-14.txt,你还不知道我的邮箱地址。,你还不知道我的邮箱地址,你还不知道我的邮箱地址
zh-CN,conv-39-turn-15.txt,君，君玲 at email dot com。,drin lin at email dot com,drin lin at email dot com
zh-CN,conv-39-turn-16.txt,君玲 at email dot com。,dream lien at email dot com,dream lien at email dot com
zh-CN,conv-39-turn-17.txt,对，但是我的邮箱是君临 at email dot com。,对但是我的呃邮箱是均零 at email dot com,对但是我的邮箱是均零 at email dot com
zh-CN,conv-39-turn-18.txt,君玲 at email dot com。,drin lien et imeldosco,drin lien et imeldosco
zh-CN,conv-39-turn-19.txt,君玲 at email dot com。,drilling et emelle dot com,drilling et emelle dot com
zh-CN,conv-39-turn-2.txt,准备好了。,嗯准备好了,准备好了
zh-CN,conv-39-turn-20.txt,你有什么问题呀？,你有什么问题啊,你有什么问题
zh-CN,conv-39-turn-21.txt,我已经几次说了。,我已经几次说了,我已经几次说了
zh-CN,conv-39-turn-3.txt,C N 5 0 6。,C N 5 0 6,c n 五 零 六
zh-CN,conv-39-turn-4.txt,君玲。,君临,君玲
zh-CN,conv-39-turn-5.txt,不对。,不对,不对
zh-CN,conv-39-turn-6.txt,是君玲，君。,是 dreaming dream,是 dreaming dream
zh-CN,conv-39-turn-7.txt,还不对。,还不对,还不对
zh-CN,conv-39-turn-8.txt,君玲。,君临,君玲
zh-CN,conv-39-turn-9.txt,君玲。,君临,君玲
zh-CN,conv-4-turn-0.txt,你好。,您好,您好
zh-CN,conv-4-turn-1.txt,我正在等待我的信用卡，想知道它的状态。,我正在等待我的信用卡呃想知道他的状态,我正在等待我的信用卡 想知道他的状态
zh-CN,conv-4-turn-10.txt,你还听不到，不好，是君，君灵。,你还听不到不好是 dream dreaming,你还听不到不好是 dream dreaming
zh-CN,conv-4-turn-11.txt,君灵，君灵。,君临君临,君灵 君灵
zh-CN,conv-4-turn-12.txt,你还没听到我的正确的姓名，我的姓名是君灵。,你还没听到我的正确的姓名我的姓名是君玲,你还没听到我的正确的姓名 我的姓名是君灵
zh-CN,conv-4-turn-13.txt,君，君灵，君灵。,drink drinking drinking,drink drinking drinking
zh-CN,conv-4-turn-14.txt,没有没有没有没有没有没有没有没有没有没有，我的姓名是君灵。,没有没有没有没有没有没有没有没有没有没有啊我的姓名是君玲,没有没有没有没有没有没有没有没有没有没有 我的姓名是君灵
zh-CN,conv-4-turn-15.txt,你再说一遍我的姓名。,你再说一遍我的姓名,你再说一遍我的姓名
zh-CN,conv-4-turn-16.txt,君灵，君灵。,君临君临,君灵 君灵
zh-CN,conv-4-turn-17.txt,君，君灵。,drink drinking,drink drinking
zh-CN,conv-4-turn-2.txt,听到了吗？,听到的吗,听到的吗
zh-CN,conv-4-turn-3.txt,你好。,你好,你好
zh-CN,conv-4-turn-4.txt,嗯是的。,嗯是的,是的
zh-CN,conv-4-turn-5.txt,你说得对，你说得对。,你说的对你说的对,你说得对 你说得对
zh-CN,conv-4-turn-6.txt,C N 2 4 0。,C N 2 4 0,c n 二 四 零
zh-CN,conv-4-turn-7.txt,是 C N 2 4 0。,是 C N 2 4 0,是 c n 二 四 零
zh-CN,conv-4-turn-8.txt,君灵。,君临,君灵
zh-CN,conv-4-turn-9.txt,不是不是不是，是君，君。,不是不是不是是 dream dream,不是不是不是是 dream dream
zh-CN,conv-40-turn-0.txt,喂？,喂,喂
zh-CN,conv-40-turn-1.txt,喂？,喂,喂
zh-CN,conv-40-turn-10.txt,郡凛 at email dot com。,drinking at email dot com,drinking at email dot com
zh-CN,conv-40-turn-11.txt,郡凛 at email dot com。,drinking at email dot com,drinking at email dot com
zh-CN,conv-40-turn-12.txt,你知道我的姓名是什么？,你知道我的心灵是什么,你知道我的心灵是什么
zh-CN,conv-40-turn-13.txt,对，但是我的问题是你知道我的姓名是什么吗？,对但是我的问题是你知道我的姓名是什么吗,对 但是我的问题是你知道我的姓名是什么吗
zh-CN,conv-40-turn-14.txt,我已经告诉了你。,我已经告诉了你,我已经告诉了你
zh-CN,conv-40-turn-15.txt,郡凛 at email dot com。,dren ling s email dot com,dren ling s email dot com
zh-CN,conv-40-turn-16.txt,哎呀你有什么问题啊。郡凛 at email dot com！,哎呀你有什么问题啊 dreaming at email dot com,哎呀你有什么问题 dreaming at email dot com
zh-CN,conv-40-turn-17.txt,郡凛。,dream dream零,dream dream零
zh-CN,conv-40-turn-2.txt,我正在等待新卡。想知道它的状态。,我正在等待新卡想知道它的状态,我正在等待新卡 想知道它的状态
zh-CN,conv-40-turn-3.txt,嗯。,嗯,
zh-CN,conv-40-turn-4.txt,嗯，好好。,嗯好啊好,好好
zh-CN,conv-40-turn-5.txt,你说吧。,你说吧,你说吧
zh-CN,conv-40-turn-6.txt,你说吧。,你说吧,你说吧
zh-CN,conv-40-turn-7.txt,嗯，都是对的。,嗯都是对的,都是对的
zh-CN,conv-40-turn-8.txt,郡凛。,君临,郡凛
zh-CN,conv-40-turn-9.txt,郡凛 at email dot com。,dream being at email dot com,dream being at email dot com
zh-CN,conv-41-turn-0.txt,喂你好。,喂你好,喂你好
zh-CN,conv-41-turn-1.txt,我正在新卡，想知道它的状态。,我正在等待新卡想知道他的状态,我正在等待新卡想知道他的状态
zh-CN,conv-41-turn-10.txt,也不对的，我刚才说是我的姓名。,也不对的我刚才说的是我的姓名,也不对的 我刚才说的是我的姓名
zh-CN,conv-41-turn-11.txt,What are you.,我的妞,我的妞
zh-CN,conv-41-turn-12.txt,郡凛。,drinking,drinking
zh-CN,conv-41-turn-13.txt,郡凛。,君君玲,郡凛
zh-CN,conv-41-turn-14.txt,郡凛。,君临,郡凛
zh-CN,conv-41-turn-15.txt,郡凛。,drinking,drinking
zh-CN,conv-41-turn-16.txt,哎呀你有什么问题啊。,唉呀你有什么问题啊,唉呀你有什么问题
zh-CN,conv-41-turn-17.txt,你听不懂我。,你你听不懂我,你你听不懂我
zh-CN,conv-41-turn-18.txt,不对。不对。我几次说我是不对。,不对不对我这次说话是不对,不对不对我这次说话是不对
zh-CN,conv-41-turn-19.txt,郡凛。,君临,郡凛
zh-CN,conv-41-turn-2.txt,准备好了。,准备好啦,准备好啦
zh-CN,conv-41-turn-20.txt,嗯，好好好。,嗯好好好,好好好
zh-CN,conv-41-turn-3.txt,你说吧。,你说吧,你说吧
zh-CN,conv-41-turn-4.txt,C N 6 2 7。,C N 6 2 7,c n 六 二 七
zh-CN,conv-41-turn-5.txt,C N 6 2 7。,C N 6 2 7,c n 六 二 七
zh-CN,conv-41-turn-6.txt,C N 6 2 7。,C N 6 2 7,c n 六 二 七
zh-CN,conv-41-turn-7.txt,听到了吗？,听到了吗,听到了吗
zh-CN,conv-41-turn-8.txt,郡凛。,君临,郡凛
zh-CN,conv-41-turn-9.txt,不对啊，郡凛。,不对呀菌灵,不对 郡凛
zh-CN,conv-42-turn-0.txt,喂？,喂,喂
zh-CN,conv-42-turn-1.txt,我想提高我的信用卡额度。,我想提高我的信用课额度,我想提高我的信用课额度
zh-CN,conv-42-turn-10.txt,郡凛。,君临,郡凛
zh-CN,conv-42-turn-11.txt,不对。,不对,不对
zh-CN,conv-42-turn-12.txt,你说的不对，真的不对。,不你说的不对真的不对,不你说的不对真的不对
zh-CN,conv-42-turn-13.txt,郡凛。,君名伶,郡凛
zh-CN,conv-42-turn-14.txt,我再一遍告诉你，是郡凛。,我我在一边告诉你告诉你是君临,我我在一边告诉你告诉你是君临
zh-CN,conv-42-turn-15.txt,我的邮件地址是郡凛 at email dot com。,我的邮箱地址是 dreaming at email dot com,我的邮箱地址是 dreaming at email dot com
zh-CN,conv-42-turn-16.txt,郡凛 at email dot com。,drinking at email dot com,drinking at email dot com
zh-CN,conv-42-turn-17.txt,郡凛 at email dot com。,drinking at email dot com,drinking at email dot com
zh-CN,conv-42-turn-18.txt,郡凛 at email dot com。,drinking at emelle dot com,drinking at emelle dot com
zh-CN,conv-42-turn-19.txt,你不听我？,你不亲我,你不亲我
zh-CN,conv-42-turn-2.txt,想提高我的信用卡额度。,想提高我的信用卡额度,想提高我的信用卡额度
zh-CN,conv-42-turn-20.txt,郡凛 at email dot com。,dreamling at email dot com,dreamling at email dot com
zh-CN,conv-42-turn-21.txt,哎呀！,哎呀,哎呀
zh-CN,conv-42-turn-22.txt,你没有用！,里面有用,里面有用
zh-CN,conv-42-turn-3.txt,想提高我的信用卡额度。,想提高我的信用卡额度,想提高我的信用卡额度
zh-CN,conv-42-turn-4.txt,你有病吗？,你有病吗,你有病吗
zh-CN,conv-42-turn-5.txt,终于到了。,嗯终于到了,终于到了
zh-CN,conv-42-turn-6.txt,好。,好,好
zh-CN,conv-42-turn-7.txt,准备好了。,嗯准备好了,准备好了
zh-CN,conv-42-turn-8.txt,你说吧。,你说吧,你说吧
zh-CN,conv-42-turn-9.txt,C N 6 3 7。,C N 6 3 7,c n 六 三 七
zh-CN,conv-43-turn-0.txt,喂。,喂,喂
zh-CN,conv-43-turn-1.txt,我正在等待新卡，并想知道它的状态。,我正在等待新卡并想知道它的状态,我正在等待新卡并想知道它的状态
zh-CN,conv-43-turn-10.txt,C N 9 4 6。,C N 9 4 6,c n 九 四 六
zh-CN,conv-43-turn-11.txt,你为什么听不到我？,你为什么听不到我,你为什么听不到我
zh-CN,conv-43-turn-12.txt,C N 9 4 6。,C N 9 4 6,c n 九 四 六
zh-CN,conv-43-turn-13.txt,我已经知道了，好好，继。,我已经知道了好好继续,我已经知道了 好好 继续
zh-CN,conv-43-turn-14.txt,君玲。,君临,君玲
zh-CN,conv-43-turn-15.txt,君玲 at email dot com。,drin ling at emeldotka,drin ling at emeldotka
zh-CN,conv-43-turn-16.txt,君玲 at email dot com。,drink lean at email dot com,drink lean at email dot com
zh-CN,conv-43-turn-17.txt,听到我的声音？,听到我的声音,听到我的声音
zh-CN,conv-43-turn-18.txt,精玲 at email dot com。,精灵 at email dot com,精玲 at email dot com
zh-CN,conv-43-turn-19.txt,君，君玲。,君君临,君 君临
zh-CN,conv-43-turn-2.txt,你可以说是的，是，是这样。,嗯你可以说是的是是这样的,你可以说是的 是 是这样的
zh-CN,conv-43-turn-20.txt,没有，没有，是君玲。,没有没有是峻岭,没有没有是君玲
zh-CN,conv-43-turn-21.txt,我，我的姓名是君玲，君玲。,我我的姓名是俊玲俊玲,我 我的姓名是君玲 君玲
zh-CN,conv-43-turn-22.txt,你再说一遍我的姓名。,你再说一遍我的姓名,你再说一遍我的姓名
zh-CN,conv-43-turn-23.txt,君，君，君，君。,君君君君,君 君 君 君
zh-CN,conv-43-turn-24.txt,不是，不是，不是。,不是不是不是,不是 不是 不是
zh-CN,conv-43-turn-3.txt,我想的，我现在。,我想呃我现在,我想我现在
zh-CN,conv-43-turn-4.txt,你再等一下，我的意思是，我现在等待新卡，并想知道它的状态。,你再等一下我的意思是我现在等待新卡想知道他的状态,你再等一下 我的意思是 我现在等待新卡 想知道他的状态
zh-CN,conv-43-turn-5.txt,没有，我的那个追踪号码。,没有呃我的那个尊重号码,没有我的那个尊重号码
zh-CN,conv-43-turn-6.txt,你搞错，你搞错。你还没给我。,你告诉我你告诉我你还没给我,你告诉我你告诉我你还没给我
zh-CN,conv-43-turn-7.txt,再说一遍。,嗯再说一遍,再说一遍
zh-CN,conv-43-turn-8.txt,C N 9 4 6。,C N 9 4 6,c n 九 四 六
zh-CN,conv-43-turn-9.txt,C N 9 4 6。,C N 9 4 6,c n 九 四 六
zh-CN,conv-44-turn-0.txt,想提高我的信用卡额度。,想提高我的信用卡额度,想提高我的信用卡额度
zh-CN,conv-44-turn-1.txt,准备好了。,嗯准备好了,准备好了
zh-CN,conv-44-turn-10.txt,你有什么问题，你有什么问题，为什么听不懂我，你有什么问题，有什么问题？,你有什么问题你有什么问题为什么听不懂我你有什么问题你有什么问题让我真的没有耐心,你有什么问题 你有什么问题 为什么听不懂我 你有什么问题 你有什么问题 让我真的没有耐心
zh-CN,conv-44-turn-2.txt,C N 4 6 0。,C N 4 6 0,c n 四 六 零
zh-CN,conv-44-turn-3.txt,C N 4 6 0。,C N 4 6 0,c n 四 六 零
zh-CN,conv-44-turn-4.txt,君玲。,君临,君玲
zh-CN,conv-44-turn-5.txt,君玲。,君临,君玲
zh-CN,conv-44-turn-6.txt,你可以再说一遍我的姓名。,你可以再说一遍我的姓名,你可以再说一遍我的姓名
zh-CN,conv-44-turn-7.txt,君玲。,君临,君玲
zh-CN,conv-44-turn-8.txt,君，君，君玲。,不推尊尊尊灵,不推尊尊尊灵
zh-CN,conv-44-turn-9.txt,我的姓名是君玲。,我的姓名是君玲,我的姓名是君玲
zh-CN,conv-45-turn-0.txt,喂。,喂,喂
zh-CN,conv-45-turn-1.txt,我想提高我的信用卡的限额。,我想提高我的信用卡的限额,我想提高我的信用卡的限额
zh-CN,conv-45-turn-10.txt,君玲。,君临,君玲
zh-CN,conv-45-turn-11.txt,君玲。,君临,君玲
zh-CN,conv-45-turn-12.txt,哎呀，君玲。,哎呀君临,君临
zh-CN,conv-45-turn-13.txt,君玲。,君临,君玲
zh-CN,conv-45-turn-14.txt,你有什么问题啊？,你有什么问题啊,你有什么问题
zh-CN,conv-45-turn-15.txt,君玲。,均匀,均匀
zh-CN,conv-45-turn-2.txt,嗯准备好了。,嗯准备好了,准备好了
zh-CN,conv-45-turn-3.txt,C N 3 1 8。,C N 3 1 8,c n 三 一 八
zh-CN,conv-45-turn-4.txt,嗯，我听清楚了。,嗯我听清楚了,我听清楚了
zh-CN,conv-45-turn-5.txt,君玲。,君临,君玲
zh-CN,conv-45-turn-6.txt,不对不对不对。,不对不对不对,不对不对不对
zh-CN,conv-45-turn-7.txt,君玲。,君临,君玲
zh-CN,conv-45-turn-8.txt,听到了吗？,听到吗,听到吗
zh-CN,conv-45-turn-9.txt,你还不知道我的姓名。,你还不知道我的姓名,你还不知道我的姓名
zh-CN,conv-46-turn-0.txt,喂。,喂,喂
zh-CN,conv-46-turn-1.txt,我想提高我的信用卡限额。,嗯我想提高我的信用卡限额,我想提高我的信用卡限额
zh-CN,conv-46-turn-10.txt,君玲。,君临,君玲
zh-CN,conv-46-turn-11.txt,听到了吗？,听到了吗,听到了吗
zh-CN,conv-46-turn-12.txt,我的姓名是君玲。,我的姓名是君玲,我的姓名是君玲
zh-CN,conv-46-turn-13.txt,嗯对的。,嗯对的,对的
zh-CN,conv-46-turn-14.txt,对的。,对的,对的
zh-CN,conv-46-turn-15.txt,君玲 at email dot com。,drilling at email dot com,drilling at email dot com
zh-CN,conv-46-turn-16.txt,君玲 at email dot com。,drinking at emer dot com,drinking at emer dot com
zh-CN,conv-46-turn-2.txt,准备好了。,你准备好了,你准备好了
zh-CN,conv-46-turn-3.txt,C C N 0 2 0。,C C N 0 2 0,c c n 零 二 零
zh-CN,conv-46-turn-4.txt,C N 0 2 0，听到吗？,C N 0 2 0听到吗,c n 零 二 零 听到吗
zh-CN,conv-46-turn-5.txt,嗯对的。,嗯对的,对的
zh-CN,conv-46-turn-6.txt,君玲。,君临,君玲
zh-CN,conv-46-turn-7.txt,君玲。,君临,君玲
zh-CN,conv-46-turn-8.txt,你可以再重复我的姓名？,你可以再呃重复我的姓名,你可以再重复我的姓名
zh-CN,conv-46-turn-9.txt,不对。,不对,不对
zh-CN,conv-47-turn-0.txt,你好。,你好,你好
zh-CN,conv-47-turn-1.txt,我想提高我的信用卡额度。,我想提高我的信用课额度,我想提高我的信用课额度
zh-CN,conv-47-turn-10.txt,好。,好,好
zh-CN,conv-47-turn-11.txt,峻，峻岭。,君君临,君君临
zh-CN,conv-47-turn-12.txt,你可以再重复我的姓名。,你可以再重复我的姓名,你可以再重复我的姓名
zh-CN,conv-47-turn-13.txt,嗯。,嗯,
zh-CN,conv-47-turn-14.txt,是对的，我的邮箱地址是峻岭 at email dot com。,是对的我的邮箱地址是君零 at email dot com,是对的 我的邮箱地址是峻岭 at email dot com
zh-CN,conv-47-turn-15.txt,不对的，不对的，我的邮箱地址是峻岭 at email dot com。,不对的不对的我的邮箱地址是君临 as email dot com,不对的不对的我的邮箱地址是峻岭 as email dot com
zh-CN,conv-47-turn-2.txt,准备好了。,嗯准备好了,准备好了
zh-CN,conv-47-turn-3.txt,C N 4 1 9。,C N 4 1 9,c n 四 一 九
zh-CN,conv-47-turn-4.txt,C N 4 1 9。,cn四要求,c n 四要求
zh-CN,conv-47-turn-5.txt,我明白了我明白了，继续吧继续。,嗯嗯嗯我明白了我明白了基础吧基础,我明白了我明白了基础吧基础
zh-CN,conv-47-turn-6.txt,峻岭。,君临,君临
zh-CN,conv-47-turn-7.txt,峻岭，峻岭，我的名字是峻岭。,没有君临君临我的名字是君临,没有峻岭峻岭我的名字是峻岭
zh-CN,conv-47-turn-8.txt,那你还没听，听得到我的名字。,那你还没听听得到我的名字,那你还没听 听得到我的名字
zh-CN,conv-47-turn-9.txt,是不对的。,是不对的,是不对的
zh-CN,conv-48-turn-0.txt,你好。,你好,你好
zh-CN,conv-48-turn-1.txt,我想提高我的信用卡额度。,我想提高我的信用卡额度,我想提高我的信用卡额度
zh-CN,conv-48-turn-10.txt,你要重复我的姓名，嗯。,你要征服我的心灵嗯,你要征服我的心灵
zh-CN,conv-48-turn-11.txt,嗯，对的，正确。,嗯对的正确,对的 正确
zh-CN,conv-48-turn-12.txt,君玲 at email dot com。,dreamling at email dot com,dreamling at email dot com
zh-CN,conv-48-turn-13.txt,君玲 at email dot com。君玲 at email dot com。,drinking at email dot com drinking at email dot com,drinking at email dot com drinking at email dot com
zh-CN,conv-48-turn-14.txt,君玲 at email dot com。,dreamling at email dot com,dreamling at email dot com
zh-CN,conv-48-turn-15.txt,你有什么问题？,你有什么问题,你有什么问题
zh-CN,conv-48-turn-16.txt,君玲 at email dot com。已经说了几次。,drilling at email dot com已经说了几次,drilling at email dot com 已经说了几次
zh-CN,conv-48-turn-17.txt,君玲 at email dot com。,dreaming at email dot com,dreaming at email dot com
zh-CN,conv-48-turn-18.txt,你听吧，你听吧。,你听吧你听吧,你听吧你听吧
zh-CN,conv-48-turn-19.txt,君玲 at email dot com。,dreaming at email dot com,dreaming at email dot com
zh-CN,conv-48-turn-2.txt,听得到吗？,听得到吗,听得到吗
zh-CN,conv-48-turn-20.txt,我已经说了几次。,我已经说了几次,我已经说了几次
zh-CN,conv-48-turn-21.txt,君玲 at email dot com。,drilling at email dot com,drilling at email dot com
zh-CN,conv-48-turn-22.txt,是你的问题，好好。,是你的问题好好,是你的问题 好好
zh-CN,conv-48-turn-3.txt,喂，我想提高我的信用卡额度。,不对我想提高我的信用卡额度,不对 我想提高我的信用卡额度
zh-CN,conv-48-turn-4.txt,嗯，对的。,嗯对的,对的
zh-CN,conv-48-turn-5.txt,好。,好,好
zh-CN,conv-48-turn-6.txt,准备了，准备好了，你说吧。,准备准备好了你说吧,准备 准备好了 你说吧
zh-CN,conv-48-turn-7.txt,C N 6 5 4。,C N 6 5 4,c n 六 五 四
zh-CN,conv-48-turn-8.txt,君玲。,君临,君临
zh-CN,conv-48-turn-9.txt,你可以重复我的姓名。,你可以重复我的姓名,你可以重复我的姓名
zh-CN,conv-49-turn-0.txt,你好。,你好,你好
zh-CN,conv-49-turn-1.txt,我想提高我的用卡额度。,我想提高我的信用卡额度,我想提高我的信用卡额度
zh-CN,conv-49-turn-10.txt,我知道，我现在说是我的邮箱地址，是美玲 at email dot com。,哦我知道我现在说是我的邮箱地址是魅零 at email dot com,我知道 我现在说是我的邮箱地址 是美玲 at email dot com
zh-CN,conv-49-turn-11.txt,我的邮箱地址是美玲 at email dot com。,我的邮箱地址是梅林 at email dot com,我的邮箱地址是美玲 at email dot com
zh-CN,conv-49-turn-12.txt,你，我的邮箱地址是美玲 at email dot com。,你我的邮箱地址是美林 at email dot com,你 我的邮箱地址是美玲 at email dot com
zh-CN,conv-49-turn-13.txt,At email dot com。,at email dot com,at email dot com
zh-CN,conv-49-turn-2.txt,准备好了。,嗯准备好了,准备好了
zh-CN,conv-49-turn-3.txt,C N 3 4 7 7。,C N 3 7 7,c n 三 七 七
zh-CN,conv-49-turn-4.txt,是对的是对的，你继续吧。,啊是对的是对的你继续吧,是对的是对的你继续吧
zh-CN,conv-49-turn-5.txt,美玲。,美玲,美玲
zh-CN,conv-49-turn-6.txt,你可以确认我的姓名？,你可以确认我的姓名,你可以确认我的姓名
zh-CN,conv-49-turn-7.txt,美玲 at email dot com。,mailing at email dot com,mailing at email dot com
zh-CN,conv-49-turn-8.txt,听到了吗？,听到了吗,听到了吗
zh-CN,conv-49-turn-9.txt,是美玲 at email dot com。,是魅灵 at email dot com,是美玲 at email dot com
zh-CN,conv-5-turn-0.txt,我正在等待换我的卡，想知道它的状态。,我正在等待欢乐的卡享受呃知道他的状态,我正在等待欢乐的卡享受知道他的状态
zh-CN,conv-5-turn-1.txt,我正在等待替换我的卡，我想替换我的卡。,我我正在等待替换我的卡啊啊我想替换我的卡,我我正在等待替换我的卡我想替换我的卡
zh-CN,conv-5-turn-10.txt,不对的。,不对的,不对的
zh-CN,conv-5-turn-11.txt,君玲。,君临,君玲
zh-CN,conv-5-turn-12.txt,君玲。,君临,君玲
zh-CN,conv-5-turn-13.txt,你可以再说一遍我的名。,你可以再说一遍我的名,你可以再说一遍我的名
zh-CN,conv-5-turn-14.txt,你再说什么呀，是你自己说的，我没说呀。,哇你在说什么呀是你自己说的我没说呀,你在说什么呀是你自己说的我没说呀
zh-CN,conv-5-turn-15.txt,我心想你重复我的姓名。,我现想你重复我的姓名,我现想你重复我的姓名
zh-CN,conv-5-turn-16.txt,嗯对的，对的对的。,嗯对的对的对的,对的对的对的
zh-CN,conv-5-turn-17.txt,我的邮箱地址想知道吗？,我的邮箱地址想知道吗,我的邮箱地址想知道吗
zh-CN,conv-5-turn-18.txt,但是你不知道我的邮箱地址。,但是你不知道我的邮箱地址,但是你不知道我的邮箱地址
zh-CN,conv-5-turn-19.txt,好我先告诉你我的邮箱地址。,好我想告诉你我的邮箱地址,好我想告诉你我的邮箱地址
zh-CN,conv-5-turn-2.txt,C N 2 6 6。,C N 2 6 6,c n 二 六 六
zh-CN,conv-5-turn-20.txt,是君玲 at email dot com。,是君凌 at email dot com,是君玲 at email dot com
zh-CN,conv-5-turn-21.txt,君玲 at email dot com。,dreaming at email dot com,dreaming at email dot com
zh-CN,conv-5-turn-22.txt,听到吗？,听到吗,听到吗
zh-CN,conv-5-turn-3.txt,C N 2 6 6。,c n two six six,c n two six six
zh-CN,conv-5-turn-4.txt,C N 2 6 6。,C N 2 6 6,c n 二 六 六
zh-CN,conv-5-turn-5.txt,嗯我已经明白了。,嗯我已经明白了啊啊啊,我已经明白了
zh-CN,conv-5-turn-6.txt,君玲。,君临,君玲
zh-CN,conv-5-turn-7.txt,君玲。,君临,君玲
zh-CN,conv-5-turn-8.txt,听到吗？,听到吗,听到吗
zh-CN,conv-5-turn-9.txt,君玲，君玲。,君临君临,君临君临
zh-CN,conv-6-turn-0.txt,您好。,您好,您好
zh-CN,conv-6-turn-1.txt,我想提高我的信用卡的额度。,我想提高我的信用卡的额度,我想提高我的信用卡的额度
zh-CN,conv-6-turn-10.txt,君玲。,drilling,drilling
zh-CN,conv-6-turn-11.txt,君玲 at email dot com。,drilling at email dot com,drilling at email dot com
zh-CN,conv-6-turn-12.txt,你说得不对，我的姓名是君玲。,你说的不对我的姓名是军令,你说得不对 我的姓名是军令
zh-CN,conv-6-turn-13.txt,君玲 at email dot com。,drilling at email dot com,drilling at email dot com
zh-CN,conv-6-turn-14.txt,听到了吗？,听到的吗,听到的吗
zh-CN,conv-6-turn-15.txt,君玲 at email dot com。,drilling at email dot com,drilling at email dot com
zh-CN,conv-6-turn-16.txt,嗯。,嗯,
zh-CN,conv-6-turn-17.txt,好，谢谢谢谢，你听不到我的声音吗？,好谢谢谢谢你听到我的声音吗,好谢谢谢谢你听到我的声音吗
zh-CN,conv-6-turn-18.txt,君玲 at email dot com。,drilling at email dot com,drilling at email dot com
zh-CN,conv-6-turn-19.txt,好。,好,好
zh-CN,conv-6-turn-2.txt,准备好了。,准备好了,准备好了
zh-CN,conv-6-turn-3.txt,你说吧。,你说吧,你说吧
zh-CN,conv-6-turn-4.txt,C N 8 7 7。,C N 8 7 7,c n 八 七 七
zh-CN,conv-6-turn-5.txt,C N 8 7 7。,C N 8 7 7,c n 八 七 七
zh-CN,conv-6-turn-6.txt,C N 8 7 7。,C N 8 7 7,c n 八 七 七
zh-CN,conv-6-turn-7.txt,你再等一下，再等一下，你要重复那个追踪号码。,等等等等你再等一下再等一下你要呃重复那个追踪号码,等等等等你再等一下再等一下你要重复那个追踪号码
zh-CN,conv-6-turn-8.txt,嗯好好好。,嗯好好好,好好好
zh-CN,conv-6-turn-9.txt,我的姓名是君玲，君玲。,我的行命是 dreaming dreaming,我的行命是 dreaming dreaming
zh-CN,conv-7-turn-0.txt,你好。,你好,你好
zh-CN,conv-7-turn-1.txt,我想提高我的信用卡的限额。,我想提高我的信用卡的限额,我想提高我的信用卡的限额
zh-CN,conv-7-turn-10.txt,没有，没有，再等一下，再等一下，我的姓名是君玲。,没有没有再等一下再等一下我的姓名是君玲,没有没有再等一下再等一下我的姓名是君玲
zh-CN,conv-7-turn-11.txt,君玲 at email dot com。,drilling at email dot com,drilling at email dot com
zh-CN,conv-7-turn-12.txt,君玲 at email dot com。,dream lien at email dot com,dream lien at email dot com
zh-CN,conv-7-turn-13.txt,听到吗？,青刀吗,青刀吗
zh-CN,conv-7-turn-14.txt,君玲 at email dot com。,dreaming at email dot com,dreaming at email dot com
zh-CN,conv-7-turn-15.txt,君玲 at email dot com。,dren ling at email dot com,dren ling at email dot com
zh-CN,conv-7-turn-2.txt,嗯准备好了。,嗯准备好了,准备好了
zh-CN,conv-7-turn-3.txt,你再说一遍。,你再说一遍,你再说一遍
zh-CN,conv-7-turn-4.txt,你再说，说一遍。,你再说一说一遍,你再说一说一遍
zh-CN,conv-7-turn-5.txt,C N 3 7 8 9。,C N 3 7 8 9,c n 三 七 八 九
zh-CN,conv-7-turn-6.txt,请问，请问，再等一下，是 C N 3 8 9。,嗯嗯请问请问再等一下是 C M 3 8 9,请问 请问 再等一下 是 c m 三 八 九
zh-CN,conv-7-turn-7.txt,你再说我的追踪号码。,你在说我的瑞总好吗,你在说我的瑞总好吗
zh-CN,conv-7-turn-8.txt,C N 3 7 8 对吗？,C N C 7 8对吗,c n c 七 八 对吗
zh-CN,conv-7-turn-9.txt,嗯，好好。,嗯好,好
zh-CN,conv-8-turn-0.txt,你好。,你好,你好
zh-CN,conv-8-turn-1.txt,我正在等待我的信用卡，想知道它的状态。,呃我正在呃等待我的信用卡想知道他的状态,我正在等待我的信用卡想知道他的状态
zh-CN,conv-8-turn-10.txt,君玲 at email dot com。,dreaming at email dot com,dreaming at email dot com
zh-CN,conv-8-turn-11.txt,君。,dream,dream
zh-CN,conv-8-turn-12.txt,君玲。,君临,君玲
zh-CN,conv-8-turn-13.txt,君玲，君玲。,君陵君陵,君玲 君玲
zh-CN,conv-8-turn-14.txt,君玲 at email dot com。,dream lien at email dot com,dream lien at email dot com
zh-CN,conv-8-turn-2.txt,准备了。,嗯准备了,准备了
zh-CN,conv-8-turn-3.txt,C N 1 0 8。,C N C N 1 0 8,c n c n 一 零 八
zh-CN,conv-8-turn-4.txt,君玲。,君临,君玲
zh-CN,conv-8-turn-5.txt,君玲 at email dot com。,drilling at email dot com,drilling at email dot com
zh-CN,conv-8-turn-6.txt,听到了吗？,听到的吗,听到的吗
zh-CN,conv-8-turn-7.txt,我的姓名是君玲。,我的姓名是俊玲,我的姓名是君玲
zh-CN,conv-8-turn-8.txt,君，你说得不对，你说得不对，你说得不对，君玲，君玲。,均嗯不对的你说的不对你说的不对均零均零,君 你说得不对 你说得不对 你说得不对 君玲 君玲
zh-CN,conv-8-turn-9.txt,对的，你说得对。,对的你说的对,对的 你说的对
zh-CN,conv-9-turn-0.txt,听到了是你吗？,听到我的声音吗,听到我的声音吗
zh-CN,conv-9-turn-1.txt,我想提高信用卡的限额。,我想提高信用卡的限额,我想提高信用卡的限额
zh-CN,conv-9-turn-10.txt,听到了吗？,听到的吗,听到的吗
zh-CN,conv-9-turn-11.txt,君玲 at email dot com。,drinling at email dot com,drinling at email dot com
zh-CN,conv-9-turn-2.txt,你再说一遍。,嗯你再说一遍,你再说一遍
zh-CN,conv-9-turn-3.txt,C N 8 1 7。,xin ba itzi,xin ba itzi
zh-CN,conv-9-turn-4.txt,C N 8 1 7。,C N 8 1 7,c n 八 一 七
zh-CN,conv-9-turn-5.txt,君玲。,峻岭,君玲
zh-CN,conv-9-turn-6.txt,8 6 1 3 9 0 你等一下我还没说完呢。,八六一三九零你等一下我还没说完了,八 六 一 三 九 零 你等一下我还没说完了
zh-CN,conv-9-turn-7.txt,8 6 1 3 9 0 1 2 3 4 5 6 7。,八六一三九零一二三四五六七,八 六 一 三 九 零 一 二 三 四 五 六 七
zh-CN,conv-9-turn-8.txt,君玲 at email dot com。,drinling at email dot com,drinling at email dot com
zh-CN,conv-9-turn-9.txt,君玲 at email dot com。,dren ling at email dot com,dren ling at email dot com
